<?xml version="1.0" encoding="UTF-8"?>
<metadata xml:lang="en"><Esri><CreaDate>20150911</CreaDate><CreaTime>15360800</CreaTime><ArcGISFormat>1.0</ArcGISFormat><ArcGISstyle>XTools Pro Metadata</ArcGISstyle><SyncOnce>TRUE</SyncOnce><DataProperties><itemProps><itemLocation><linkage Sync="TRUE">file://\\JUNJUN-PC\D$\data\paper\us_countyCopy</linkage><protocol Sync="TRUE">Local Area Network</protocol></itemLocation></itemProps><copyHistory><copy source="D:\data\paper\us_county" dest="\\JUNJUN-PC\D$\data\paper\us_countyCopy" date="20150911" time="15360800"></copy></copyHistory></DataProperties></Esri></metadata>
